customer_id,region,signup_date
5001,South,2023-04-21
5002,West,2023-12-10
5003,East,2023-10-07
5004,East,2023-03-13
5005,East,2022-01-23
5006,West,2023-07-19
5007,South,2023-11-08
5008,South,2023-12-15
5009,West,2023-04-03
5010,East,2022-03-24
5011,East,2022-05-25
5012,South,2022-03-26
5013,East,2022-03-19
5014,North,2023-04-02
5015,South,2022-01-01
5016,East,2022-02-20
5017,South,2023-11-16
5018,North,2023-12-18
5019,South,2023-03-22
5020,South,2023-03-25
5021,South,2023-05-03
5022,South,2022-02-03
5023,North,2022-12-14
5024,West,2022-04-05
5025,South,2022-03-13
5026,South,2023-07-05
5027,East,2022-06-03
5028,South,2022-09-07
5029,East,2023-11-05
5030,West,2023-03-14
5031,North,2022-04-28
5032,North,2022-11-02
5033,West,2022-09-25
5034,North,2022-02-23
5035,West,2022-08-24
5036,West,2023-01-24
5037,West,2023-02-05
5038,North,2023-09-16
5039,East,2022-10-30
5040,West,2022-07-26
5041,South,2022-08-17
5042,North,2023-08-01
5043,West,2022-03-16
5044,West,2023-03-11
5045,South,2022-04-13
5046,East,2023-02-26
5047,East,2023-12-05
5048,East,2022-11-02
5049,West,2022-04-08
5050,West,2022-12-01
5051,West,2023-03-11
5052,North,2023-03-23
5053,South,2022-11-04
5054,West,2022-09-06
5055,South,2022-06-15
5056,South,2023-04-26
5057,East,2022-12-01
5058,North,2023-06-26
5059,West,2022-04-16
5060,East,2023-07-17
5061,East,2022-03-22
5062,West,2022-05-13
5063,South,2022-05-18
5064,East,2022-07-03
5065,South,2023-02-05
5066,North,2022-11-26
5067,South,2023-05-23
5068,North,2022-03-10
5069,South,2023-06-30
5070,East,2022-02-22
5071,East,2023-03-26
5072,North,2022-07-24
5073,West,2022-05-06
5074,North,2022-02-12
5075,North,2022-04-21
5076,South,2023-10-25
5077,South,2022-07-02
5078,North,2022-04-05
5079,East,2023-01-09
5080,South,2023-06-04
5081,West,2022-12-26
5082,South,2023-11-27
5083,South,2022-10-08
5084,West,2022-07-14
5085,North,2022-07-14
5086,West,2023-10-29
5087,North,2022-04-03
5088,North,2023-11-03
5089,North,2022-03-02
5090,West,2023-09-26
5091,North,2022-02-20
5092,East,2023-02-07
5093,West,2022-01-05
5094,East,2023-04-11
5095,North,2023-08-27
5096,South,2023-11-13
5097,North,2023-06-18
5098,East,2023-02-09
5099,East,2023-05-28
5100,West,2023-10-07
5101,South,2022-08-21
5102,West,2023-06-08
5103,East,2022-12-12
5104,North,2022-02-15
5105,South,2023-06-30
5106,North,2022-03-19
5107,North,2023-12-31
5108,South,2022-03-14
5109,West,2022-09-06
5110,North,2022-02-16
5111,East,2022-05-01
5112,North,2022-08-02
5113,South,2022-08-27
5114,South,2022-02-25
5115,South,2022-12-16
5116,West,2022-04-17
5117,North,2022-02-17
5118,West,2023-07-27
5119,West,2022-12-03
5120,South,2022-01-26
5121,South,2022-09-14
5122,West,2022-01-08
5123,North,2023-09-17
5124,East,2022-09-10
5125,West,2023-11-23
5126,North,2023-12-20
5127,South,2022-10-30
5128,South,2023-10-01
5129,North,2022-02-25
5130,East,2023-12-27
5131,South,2023-06-10
5132,South,2023-04-19
5133,South,2022-01-28
5134,North,2022-03-19
5135,West,2022-08-04
5136,South,2023-01-21
5137,West,2022-12-31
5138,East,2023-10-28
5139,South,2023-06-10
5140,South,2023-11-30
5141,East,2022-11-08
5142,South,2022-01-07
5143,West,2022-01-03
5144,North,2023-09-15
5145,West,2022-12-29
5146,North,2023-05-23
5147,North,2022-10-01
5148,West,2023-05-21
5149,West,2022-01-15
5150,West,2022-07-11
5151,West,2023-09-23
5152,East,2023-04-30
5153,South,2022-01-28
5154,North,2023-12-15
5155,West,2022-02-08
5156,West,2022-09-30
5157,West,2022-08-19
5158,East,2022-03-27
5159,West,2023-04-19
5160,West,2022-05-06
5161,West,2023-06-21
5162,South,2022-05-25
5163,East,2023-06-09
5164,West,2022-07-31
5165,North,2022-01-25
5166,North,2023-08-03
5167,North,2023-01-29
5168,East,2022-03-08
5169,East,2022-08-21
5170,North,2022-04-19
5171,West,2022-05-26
5172,East,2022-04-21
5173,North,2022-08-16
5174,North,2022-04-21
5175,West,2023-04-15
5176,South,2022-02-03
5177,East,2023-09-15
5178,West,2023-01-04
5179,North,2023-08-18
5180,North,2023-07-08
5181,West,2023-03-01
5182,East,2023-09-05
5183,South,2023-06-02
5184,South,2023-11-23
5185,North,2022-10-09
5186,East,2022-11-16
5187,South,2023-03-19
5188,East,2022-11-11
5189,East,2023-01-12
5190,North,2022-10-16
5191,South,2023-03-13
5192,West,2023-10-24
5193,North,2022-10-04
5194,South,2023-12-11
5195,South,2023-08-05
5196,South,2023-05-18
5197,South,2023-09-16
5198,South,2023-05-31
5199,East,2022-12-16
5200,North,2023-03-22
5201,East,2022-12-16
5202,West,2023-08-30
5203,South,2023-10-26
5204,North,2022-05-17
5205,South,2022-08-31
5206,North,2023-06-27
5207,East,2022-02-09
5208,North,2022-08-17
5209,West,2023-07-02
5210,West,2022-08-11
5211,North,2022-01-06
5212,North,2022-11-18
5213,North,2023-04-13
5214,North,2022-03-16
5215,West,2022-01-04
5216,South,2023-10-08
5217,North,2022-04-28
5218,North,2023-08-29
5219,West,2023-05-19
5220,West,2023-07-28
5221,East,2023-03-17
5222,North,2022-07-13
5223,East,2023-12-16
5224,West,2023-01-27
5225,West,2022-01-26
5226,South,2023-03-11
5227,North,2022-06-22
5228,East,2022-10-27
5229,West,2023-10-07
5230,West,2022-11-22
5231,East,2023-02-14
5232,South,2022-04-28
5233,West,2023-12-25
5234,North,2022-08-13
5235,West,2023-06-16
5236,North,2022-04-23
5237,East,2022-05-20
5238,North,2023-07-13
5239,East,2022-01-01
5240,North,2022-03-31
5241,East,2023-10-16
5242,North,2022-11-16
5243,South,2023-07-04
5244,North,2022-05-19
5245,North,2023-05-26
5246,South,2022-09-16
5247,West,2023-11-04
5248,West,2023-11-21
5249,North,2022-01-10
5250,South,2022-09-18
5251,North,2023-10-12
5252,East,2022-06-21
5253,East,2022-01-13
5254,North,2022-06-17
5255,West,2023-10-04
5256,West,2023-08-19
5257,North,2022-11-17
5258,North,2022-11-15
5259,East,2023-09-05
5260,West,2022-11-25
5261,North,2023-07-04
5262,East,2023-02-23
5263,West,2023-08-29
5264,South,2022-04-05
5265,East,2023-08-04
5266,West,2022-11-14
5267,West,2022-08-24
5268,East,2022-11-30
5269,South,2023-01-11
5270,East,2023-04-04
5271,West,2022-05-17
5272,North,2023-08-11
5273,North,2023-07-01
5274,East,2023-05-28
5275,West,2022-10-23
5276,North,2022-11-16
5277,West,2023-07-26
5278,East,2022-12-15
5279,North,2022-08-17
5280,West,2022-09-27
5281,North,2022-10-18
5282,East,2023-12-26
5283,West,2022-06-14
5284,North,2022-01-05
5285,East,2023-01-14
5286,North,2022-03-19
5287,North,2023-02-14
5288,South,2023-07-28
5289,South,2022-05-12
5290,East,2023-08-24
5291,South,2022-02-11
5292,East,2022-03-30
5293,South,2023-02-06
5294,North,2022-10-23
5295,East,2022-10-22
5296,East,2023-09-08
5297,North,2023-06-10
5298,East,2023-11-22
5299,East,2023-09-29
5300,South,2023-02-26
5301,East,2022-01-23
5302,West,2023-07-29
5303,North,2022-05-23
5304,South,2023-10-27
5305,South,2022-05-25
5306,West,2022-08-13
5307,North,2023-05-18
5308,North,2023-09-08
5309,South,2022-04-14
5310,East,2022-02-08
5311,South,2022-07-17
5312,North,2023-10-08
5313,West,2023-08-02
5314,South,2023-01-26
5315,North,2022-06-28
5316,South,2023-07-08
5317,East,2023-03-24
5318,South,2023-05-15
5319,South,2022-01-15
5320,North,2023-09-15
5321,North,2023-10-31
5322,North,2022-10-16
5323,South,2023-04-23
5324,East,2022-08-19
5325,West,2023-02-24
5326,West,2022-06-06
5327,North,2023-07-04
5328,North,2023-03-17
5329,South,2022-04-07
5330,West,2023-02-15
5331,North,2022-10-16
5332,East,2022-09-11
5333,East,2022-07-15
5334,North,2023-08-21
5335,North,2023-06-06
5336,West,2023-06-01
5337,West,2023-09-27
5338,South,2022-04-28
5339,West,2022-06-08
5340,East,2022-08-16
5341,East,2022-08-04
5342,North,2023-11-27
5343,West,2022-01-15
5344,South,2022-06-06
5345,East,2023-10-10
5346,East,2022-09-18
5347,South,2022-06-06
5348,South,2022-02-16
5349,East,2022-11-20
5350,East,2023-11-16
5351,South,2022-05-10
5352,East,2023-02-15
5353,North,2022-04-05
5354,North,2023-09-19
5355,South,2022-10-19
5356,West,2022-10-10
5357,South,2022-03-10
5358,South,2023-10-22
5359,West,2022-01-11
5360,West,2022-09-11
5361,West,2023-07-04
5362,North,2022-05-14
5363,East,2023-12-13
5364,North,2022-01-23
5365,East,2022-12-12
5366,North,2022-10-29
5367,East,2022-12-29
5368,North,2023-01-31
5369,West,2022-08-06
5370,South,2022-05-21
5371,North,2023-09-08
5372,East,2022-07-29
5373,West,2023-09-15
5374,North,2023-09-08
5375,North,2023-11-14
5376,West,2023-04-05
5377,North,2022-12-22
5378,South,2022-11-20
5379,North,2022-05-13
5380,South,2022-05-07
5381,South,2022-04-16
5382,West,2023-08-27
5383,North,2023-01-13
5384,West,2022-02-20
5385,North,2022-01-29
5386,North,2023-04-07
5387,East,2022-10-23
5388,North,2022-10-24
5389,West,2023-12-27
5390,South,2023-02-11
5391,North,2023-09-05
5392,East,2023-02-09
5393,West,2022-12-12
5394,North,2023-09-14
5395,West,2023-02-24
5396,East,2022-07-01
5397,East,2022-01-01
5398,West,2023-07-21
5399,North,2023-01-06
5400,South,2023-10-23
5401,East,2023-03-07
5402,North,2022-11-05
5403,North,2022-05-17
5404,South,2022-07-21
5405,East,2023-03-12
5406,East,2022-11-09
5407,North,2022-04-27
5408,North,2023-10-28
5409,South,2023-07-29
5410,South,2022-09-01
5411,East,2023-06-21
5412,West,2023-08-25
5413,East,2022-03-16
5414,North,2023-01-21
5415,East,2022-07-29
5416,West,2023-04-20
5417,South,2023-02-22
5418,West,2022-12-13
5419,West,2023-06-13
5420,West,2023-10-02
5421,South,2022-06-28
5422,West,2022-07-01
5423,West,2023-10-26
5424,West,2022-01-25
5425,North,2022-06-29
5426,West,2023-12-11
5427,South,2023-05-16
5428,West,2022-06-10
5429,West,2022-06-26
5430,South,2022-10-12
5431,West,2022-03-04
5432,South,2023-10-24
5433,West,2023-10-28
5434,South,2022-06-05
5435,West,2023-04-14
5436,West,2022-02-18
5437,North,2022-03-25
5438,North,2022-12-27
5439,West,2023-11-20
5440,West,2022-05-28
5441,East,2023-09-22
5442,South,2022-12-08
5443,East,2023-04-21
5444,North,2022-03-04
5445,North,2023-12-02
5446,North,2022-12-26
5447,North,2023-07-15
5448,West,2022-11-23
5449,North,2022-05-21
5450,West,2022-08-03
5451,West,2023-03-11
5452,North,2023-12-24
5453,North,2022-11-14
5454,South,2022-02-01
5455,East,2023-11-01
5456,North,2022-10-12
5457,South,2022-11-01
5458,South,2023-03-05
5459,East,2023-04-22
5460,West,2022-10-13
5461,North,2022-05-24
5462,East,2023-02-28
5463,North,2022-01-19
5464,South,2022-01-18
5465,South,2023-08-13
5466,West,2023-01-06
5467,South,2022-06-24
5468,South,2022-07-13
5469,East,2023-05-17
5470,North,2022-04-23
5471,North,2022-04-24
5472,East,2022-08-10
5473,West,2023-11-09
5474,North,2023-10-06
5475,South,2022-09-21
5476,North,2022-02-24
5477,South,2023-10-05
5478,West,2023-04-03
5479,East,2022-06-11
5480,North,2023-01-15
5481,East,2022-03-28
5482,North,2022-02-24
5483,South,2023-04-21
5484,East,2022-06-27
5485,North,2023-01-26
5486,South,2022-12-15
5487,East,2022-01-08
5488,East,2022-11-09
5489,North,2023-03-19
5490,North,2022-11-24
5491,North,2022-02-23
5492,South,2022-08-27
5493,North,2022-08-17
5494,East,2023-08-02
5495,East,2022-02-20
5496,North,2023-09-01
5497,North,2023-08-27
5498,West,2022-09-21
5499,East,2023-02-22
5500,South,2022-04-06
