product_id,available_stock,reorder_level,last_restock_date
1001,69,86,2023-11-18
1002,400,96,2023-07-08
1003,78,67,2023-09-15
1004,480,31,2023-06-04
1005,247,39,2023-11-15
1006,186,91,2023-08-16
1007,437,21,2023-01-05
1008,140,94,2023-05-09
1009,297,74,2023-03-15
1010,43,25,2023-12-31
1011,246,81,2023-01-24
1012,469,68,2023-11-11
1013,335,73,2023-10-06
1014,225,29,2023-07-25
1015,66,43,2023-05-26
1016,455,48,2023-03-30
1017,275,25,2023-01-22
1018,252,77,2023-10-27
1019,302,97,2023-02-13
1020,279,76,2023-02-06
1021,178,22,2023-01-07
1022,401,43,2023-10-07
1023,278,38,2023-06-18
1024,128,28,2023-03-11
1025,378,49,2023-08-01
1026,114,96,2023-03-12
1027,321,63,2023-07-26
1028,388,72,2023-03-13
1029,273,87,2023-11-12
1030,463,79,2023-06-29
1031,201,42,2023-07-27
1032,116,80,2023-06-26
1033,476,26,2023-07-14
1034,34,63,2023-10-28
1035,408,74,2023-08-27
1036,105,94,2023-06-03
1037,248,58,2023-06-03
1038,151,78,2023-01-30
1039,140,24,2023-01-27
1040,404,61,2023-08-28
1041,489,33,2023-08-31
1042,490,46,2023-05-12
1043,294,35,2023-06-28
1044,161,21,2023-12-05
1045,146,38,2023-04-08
1046,411,42,2023-11-22
1047,255,60,2023-08-25
1048,90,33,2023-12-01
1049,369,66,2023-05-18
1050,217,82,2023-04-28
1051,138,27,2023-04-16
1052,176,46,2023-02-05
1053,290,59,2023-02-15
1054,339,47,2023-04-14
1055,75,87,2023-12-30
1056,56,80,2023-12-26
1057,27,57,2023-03-11
1058,321,94,2023-07-26
1059,320,43,2023-08-09
1060,456,47,2023-03-30
1061,149,60,2023-01-03
1062,306,37,2023-10-25
1063,487,68,2023-08-19
1064,346,45,2023-04-28
1065,392,22,2023-11-07
1066,198,96,2023-04-24
1067,163,57,2023-07-21
1068,181,33,2023-01-30
1069,239,20,2023-12-30
1070,421,30,2023-09-04
1071,241,59,2023-03-22
1072,65,23,2023-09-03
1073,170,53,2023-07-03
1074,132,84,2023-09-30
1075,80,75,2023-02-02
1076,164,29,2023-04-12
1077,441,90,2023-10-04
1078,62,83,2023-04-21
1079,354,32,2023-07-25
1080,50,41,2023-09-23
1081,71,75,2023-08-03
1082,42,84,2023-04-13
1083,322,32,2023-10-22
1084,450,20,2023-03-19
1085,320,57,2023-06-24
1086,317,77,2023-12-08
1087,215,44,2023-02-21
1088,492,61,2023-10-24
1089,190,52,2023-06-24
1090,157,76,2023-12-09
1091,489,56,2023-07-18
1092,89,76,2023-03-29
1093,421,81,2023-06-20
1094,490,22,2023-02-06
1095,103,49,2023-05-03
1096,50,86,2023-07-20
1097,253,82,2023-03-05
1098,106,42,2023-07-07
1099,293,91,2023-08-03
1100,235,92,2023-08-31
